model,n_paths,n_steps,time_numpy_sec,time_numba_sec,throughput_numpy_mpaths_per_sec,throughput_numba_mpaths_per_sec,speedup,max_mean_diff
Bachelier,10000,1,0.0033658750000000737,0.0004984170000001953,2.9709956549187897,20.06352110781952,6.7531304108783505,0.017728735805874144
Bachelier,50000,1,0.005151125000000256,0.005924166999999869,9.706617486470918,8.440005151779332,0.8695104307492294,0.006023497083064308
Bachelier,100000,1,0.011344375000000184,0.011775957999999864,8.814941325546659,8.491878113016465,0.9633504976835273,0.01948550810400526
Bachelier,250000,1,0.02906354199999983,0.016073540999999913,8.601842129221602,15.553511202043243,1.8081605042722066,0.011761450371486213
Bachelier,500000,1,0.05719087499999986,0.0267012499999999,8.742653439032035,18.725715088245003,2.141880061794863,0.0025387984870281306
Bachelier,1000000,1,0.10461537499999984,0.043840583000000155,9.558824407980199,22.809915643685585,2.3862678787825304,0.003041112104354031
Vasicek,10000,100,0.08600408300000062,0.024635833000000495,0.11627354947787687,0.4059128018930717,3.491015830477455,0.010845670663844476
Vasicek,50000,100,0.6214219170000002,0.21096304200000038,0.08046063170958288,0.23700833817138411,2.9456435170289166,0.009025368912806666
Vasicek,100000,100,1.2442250000000001,0.32060304100000003,0.08037131547750608,0.31191220048346324,3.8808895764653712,0.002715320169193996
Vasicek,250000,100,2.7020869579999998,0.6060497079999987,0.09252107866470818,0.41250741762588317,4.458523652980633,0.0024622858856651643
Vasicek,500000,100,5.666411458000001,1.113103707999997,0.08823926813399437,0.4491944428955234,5.090641076186241,0.0019505546625327012
Vasicek,1000000,100,11.551683375,2.136240917000002,0.08656746965244795,0.4681119961901746,5.407481564028103,0.0009596841787336497
Heston,10000,100,0.11769991699999593,0.03511162499999898,0.08496182711836871,0.28480595814065257,3.3521637634259123,0.4572141989780505
Heston,50000,100,0.7623303339999978,0.2775830419999963,0.06558836474162937,0.18012627731055944,2.7463145028867,0.21029752540971458
Heston,100000,100,1.4036778749999996,0.4203141250000044,0.07124141641115489,0.23791729578443013,3.3395924417243528,0.15633346702132656
Heston,250000,100,3.6696477079999994,0.8810634999999962,0.06812643062574879,0.28374799319231936,4.1650206914711765,0.09741503516133321
Heston,500000,100,7.452917542000002,1.623421166,0.06708782127030273,0.3079915492490259,4.590871240371644,0.05039245519722613
Heston,1000000,100,15.964517583999992,3.326789292000001,0.06263891124415955,0.3005901222553291,4.798776292321909,0.03688106684106174
